projectLeads,shortTitle,businessUnit,projectGoal,related,leadEmail,externalPartners,researchType,subSection,internalPartners,isVisible,projectResults,fullTitle,stage,id,icon
"Matthew Gaertner, Katie McClarty",College Readiness Index,school,"<ol><li>Develop an algorithm that can be used in middle school to predict college readiness by the end of high school. </li><li>The index will have six sub-components, corresponding to six factors that influence college readiness--academic achievement, motivation, behavior, social engagement, family circumstances, and school characteristics. </li><li>Students will receive an overall indicator as well as indicators for each sub-component.</li></ol>",http://researchnetwork.pearson.com/wp-content/uploads/RiA_MSCRI_pk_v2.pdf,"matthew.gaertner@pearson.com, katie.mcclarty@pearson.com","Gwinnett County Public Schools, Atlanta Public Schools",Research to Practice,northAmerica,,TRUE,"<ol><li>Capitalizing on a diversity of factors, the middle school index provides more accurate forecasts of college outcomes than SAT scores.</li><li>Using a national dataset, developed the overall algorithm and weights for each factor.</li><li>Results suggest academic achievement is important to college readiness, but motivation and behavior are critical as well. Together, motivation and behavior exert more influence on college readiness than achievement does.</li><li>Divided both the overall index and its sub-components into successive categories of college readiness. Each category has a conceptual definition, which makes these college readiness levels more interpretable for end users than raw index values. </li></ol>",Middle School College Readiness Index,M,2CCS,CC
"Maryam Tager, Yigal Rosen",21st Century Skills,school higherEd,"<ol><li>Develop innovative, computer-based assessments of 21st century skills (i.e. critical thinking, creativity, and collaborative problem solving).</li><li>Assess students in a variety of authentic contexts that are relevant internationally.</li><li>Develop technology tools that can capture students' use of 21st century skills.</li></ol>","http://researchnetwork.pearson.com/wp-content/uploads/CollaborativeProblemSolvingResearchReport.pdf, http://researchnetwork.pearson.com/wp-content/uploads/CreativityAssessmentResearchReport.pdf, http://researchnetwork.pearson.com/wp-content/uploads/CriticalThinkingAssessmentResearchReport.pdf","maryam.tager@pearson.com, yigal.rosen@pearson.com",,Research to Practice,northAmerica core growthVenture,,TRUE,"<ol><li>The assessment tasks were piloted in six countries. </li><li>Results suggest that an evidence-centered concept map is a useful online tool for capturing student critical thinking. In addition, students had similar experiences collaborating with a human partner as they did collaborating with a simulated computer partner.</li><li>This study provides the basis for future development of 21st century skills assessments. The assessment tasks could be incorporated into other products or services and can also be used in development of instructional materials or teacher professional development.</li></ol>",21st Century Skills,E,3CCS,CC
Matthew Gaertner,Class-Based Affrm Act,higherEd,"Develop, implement, and evaluate the impact of class-conscious college admissions policies on institutional diversity and student outcomes.","http://www.insidehighered.com/news/2013/05/15/study-suggests-class-based-affirmative-action-could-increase-racial-diversity, http://www.theatlantic.com/education/archive/2013/10/what-if-colleges-embraced-affirmative-action-for-class-instead-of-race/280733/, http://www.insidehighered.com/audio/2013/07/22/race-class-and-fisher-ruling, http://www.huffingtonpost.com/2013/07/02/cu-boulder-affirmative-action-alternative_n_353603, http://chronicle.com/blogs/innovations/colorados-affirmative-action-experiment/27024, http://www.insidehighered.com/views/2013/07/08/essay-calls-consideration-class-affirmative-action#sthash.OzilrFUi.dpbs",matthew.gaertner@pearson.com,University of Colorado Boulder,Thought Leadership,northAmerica,Higher Education,TRUE,"<ol><li>Developed the Disadvantage and Overachievement Indices at the University of Colorado Boulder and implemented in their admissions policies in 2013.</li><li>These indices provide additional consideration in the admissions process for students who have faced obstacles to higher education enrollment and achieved beyond their circumstances. </li><li>Using these indices increased socioeconomic diversity and maintained racial diversity in admissions. </li><li>Research in press suggests class-based admits will perform reasonably well in college, particularly those identified by the Overachievement Indices.</li></ol>",Class Based Affirmative Action,E,4CCS,CC
Jennifer Kobrin,Learning Progressions,school,<ol><li>Conduct research on the psychometric modeling of learning progressions to determine which methods produce the most reliable and valid placement of students on a learning progression.</li><li>Work with teachers to understand how they make sense of learning progressions and what inferences they make from assessments that are linked to learning progressions.</li></ol>,,jennifer.kobrin@pearson.com,"University of Colorado Boulder, Michigan State University",Research,northAmerica core,,TRUE,"<ol><li>Used the Attribute Hierarchy Method (AHM) to model assessment data linked to a learning progression on force and motion, and the fit of the model was evaluated. Results suggest AHM may not be the best approach for exploratory modeling of learning progressions. </li><li>Teachers' think-aloud interviews as they interacted with score reports of students' performance on assessments linked to the learning progression provided insight into their understanding and inferences regarding students' level of conceptual knowledge of force and motion, and what refinements to the learning progression, assessments, and reporting tool are needed.</li></ol>",Learning Progressions Modeling and Reporting,B,5CCS,CC
"Matthew Gaertner, Katie McClarty",Effects of Algebra II,school,Answer the questions: <ol><li>What is the effect of taking Algebra II on college and career outcomes?</li><li>Is taking Algebra II in high school as important for careers as it is for college?</li></ol>,"http://link.springer.com/article/10.1007%2Fs11162-013-9322-7, http://researchnetwork.pearson.com/wp-content/uploads/AlgebraIIRHE.pdf","matthew.gaertner@pearson.com, katie.mcclarty@pearson.com","Dr. Stephen DesJardins, University of Michigan",Thought Leadership,northAmerica,,TRUE,"<ol><li>Findings indicate that Algebra II has a strong impact on success in college but weaker effects for those entering the workforce directly after high school.</li><li>The effect of Algebra II also seems to be diminishing over time, suggesting the course has been watered down to avoid high failure rates.</li><li>This has raised Pearson's research profile, with results published in Research in Higher Education in March 2014 and received an award from the American Institutes for Research (AIR). </li></ol>",Effect of Algebra II on College and Career Outcomes,E,6CCS,CC
Hua Wei,Text Cmplx & Careers,professional school higherEd,Answer the questions: <ol><li>Do career texts require at least college- and career-ready level of reading proficiency?</li><li>Does the complexity level of career texts vary with the level of education and preparation needed for the career?</li></ol>,http://researchnetwork.pearson.com/wp-content/uploads/RiA_TestComplexity_pk_v21.pdf,hua.wei@pearson.com,,Research & Research to Practice,northAmerica,,TRUE,"<ol><li>Reading materials for all jobs were at least at the college- and career-ready level of the Common Core State Standards (CCSS), including careers that required no more than a high school education (e.g., waiter, taxi driver).</li><li>The complexity of texts generally increased as the education requirements of the job increased. However, there were some texts requiring very little education that were as complex as texts designed for workers with a graduate degree.</li></ol>",Text Complexity and Careers (College & Career Success),E,7CCS,CC
Peter Conforti,Dev Ed Reform Review,higherEd,"Review the current research literature on developmental education reform efforts including descriptions of program features, examples of implementation, and evidence of efficacy.",http://researchnetwork.pearson.com/wp-content/uploads/Developmental-Education.pdf,peter.conforti@pearson.com,,Thought Leadership,northAmerica,"Jonell Sanchez, College and Career Readiness",TRUE,"The most recent paper reviews key features of reform efforts including accelerated and individualized instruction, co-requisite models, contextualized instruction, supplemental advising and counseling, and the Emporium model; concluding with recommendations for developmental education improvement.",Developmental Education Reform Literature Review,E,8CCS,CC
Jennifer Kobrin,PATL,school,"<ol><li>Address the challenges of the 21st century global classroom and impact the learner by improving our capability to develop data-driven, research-based, integrated systems for student learning and our understanding of teaching and learning across digital and face-to-face classroom contexts and across different countries and cultures.  </li><li>Create a coordinated game, online performance tasks for students as well as teachers, classroom activities, instructional resources, professional development and reporting process we call a Student Profile. </li><li>Coordinate around a common mathematics learning progression at an elementary grade and developed over four iterations.</li></ol>",,jennifer.kobrin@pearson.com,"Gwinnett County Public Schools; Kent Washington Schools, GlassLab","Research, Research to Practice",northAmerica core growthVenture,"Doug McCollum, Learning Services, Diana Bourisaw, Inside Services and Directly Delivery, Jacob Pienaar, Learning Services, Susan Sclafani, Common Core System of Courses",TRUE,"<ol><li>One of the biggest gaps in the research on learning progressions is that it is not yet clear how learning progressions might support teachers in formative assessment and instruction. The Center for College & Career Success is focusing on research to learn what support and tools can help teachers use learning progressions to personalize instruction and assessment.</li><li>The research will result in understanding (1) how to help teachers use a learning progression to understand their students' thinking and how to personalize instruction; and (2) how teachers' inferences change over time with targeted professional development and support.</li><li>The research will be conducted in the United States and in another English-speaking country to learn whether the findings about teachers inferences from learning progressions-based assessments, and the impact of professional development generalize, and if not, what factors limit the generalization.</li></ol>",PATL Laboratory (College & Career Success),B,9CCS,CC
Katie McClarty,Effects of Grade Skipping,school,"Evaluate the impact off grade skipping in elementary and middle school on later outcomes in high school, college, and the workforce.",,katie.mcclarty@pearson.com,,Thought Leadership,northAmerica,,TRUE,"<ol><li>Students who skip a grade perform just as well as (and in many cases better than) their new, older classmates. They earn higher grades and test scores, are more likely to earn various college degrees, and obtain jobs of higher prestige with higher salaries.</li><li>The effects of acceleration can be amplified by providing these gifted learners with other challenging educational opportunities such as Advanced Placement, other advanced coursework, instructional groups with other high-ability students, and gifted and talented programs.</li></ol>",Long-term Effects of Grade Skipping,M,10CCS,CC
Katie McClarty,Gifted Education Globally,school,Determine how gifted students are identified and served in various countries ,,katie.mcclarty@pearson.com,,"Research to Practice, Thought Leadership",northAmerica core growthVenture,,TRUE,"This research not only adds to our understanding of the conceptions of giftedness but also provides useful information to Pearson in strategizing about our development and offering of assessments and services. For example, South Africa does not identify a specific group of students as ""gifted."" Rather, all children are served in the same education program, using a differentiation approach. Teacher professional development or instructional resources may be more useful here than identification assessments.",Practices for Identifying and Serving Gifted Learners Across the Globe,B,11CCS,CC
Jennifer Kobrin,College and Career Readiness Globally,school,"To better understand how different countries define and measure college and career readiness (CCR), to examine commonalities and differences across countries, and to use an existing framework or create a new framework to summarize and compare CCR definitions across the globe.",,jennifer.kobrin@pearson.com,,"Research to Practice, Thought Leadership",northAmerica core growthVenture,,TRUE,"This research will help Pearson strategize about development of products and services aligned to the ways in which different countries commonly define and measure college and career readiness. The research will also fill a gap in the literature, as there are currently no published papers or reports that describe and compare how different countries define college and career readiness.",College and Career Readiness Across the Globe,B,12CCS,CC
Kristen DiCerbo,Games/Rich Environments,school,Demonstrate the use of data from rich learning environments to understand what learners know and can do.,"http://simcityedu.org, http://argubot academy.org",kristen.dicerbo@pearson.com,"GlassLab (EA, Institute of Play, ETS)",Research to Practice & Thought Leadership,northAmerica,Poptropica,TRUE,"<p>Released SimCityEDU (targeting systems thinking) and Mars Generation One (targeting ELA Common Core argumentation standards), using game evidence for assessment with middle school students.</p><p>This research has been well-received both in the trade and consumer publications, as well as supported internally and by respected organizations. The following work has raised the thought leadership profile of Pearson in terms of games and assessments:</p> <ol><li>Peer-reviewed journal articles published in Journal of Educational Technology & Society and Information Sciences</li><li>Published white paper for Gordon Commission on future of assessment.</li><li>Published white paper for the Gates Foundation-sponsored Learning Analytics Working Group.</li><li>Developed white paper for Pearson Office of Chief Education Advisor.</li><li>Received press coverage in USA Today, Wall Street Journal, and T.H.E. Journal.</li><li>Presented on games & assessment at the Gates Foundation.</li><li>Presented at ETS, the National Council for Measurement in Education, American Educational Research Association, the Games, Learning, and Society Conference, Learning Analytics Summer Institute, Educational Data Mining, Association of Test Publishers, and Society for Industrial and Organizational Psychology conferences.</li><li>Participated in workshop on technology and education by White House Office of Science Technology Policy.</li></ol>",Assessment in Rich Digital Learning Environments,M,8DDAAL,DD
Kristen DiCerbo,PATL,school,"<ol><li>Address the challenges of the 21st century global classroom and impact the learner by improving our capability to develop data-driven, research-based, integrated systems for student learning and our understanding of teaching and learning across digital and face-to-face classroom contexts and across different countries and cultures.  </li><li>Create a coordinated game, online performance tasks for students as well as teachers, classroom activities, instructional resources, professional development and reporting process we call a Student Profile. </li><li>Coordinate around a common mathematics learning progression at an elementary grade and developed over four iterations.</li></ol>",,kristen.dicerbo@pearson.com,"Gwinnett County Public Schools, Atlanta Public Schools, GlassLab","Research, Research to Practice",northAmerica core growthVenture,"Doug McCollum, Learning Services, Diana Bourisaw, Inside Services and Directly Delivery, Jacob Pienaar, Learning Services, Susan Sclafani, Common Core System of Courses",TRUE,,"PATL Laboratory (Digital Data, Analytics & Adaptive Learning)",B,9DDAAL,DD
May Chien,Adaptive Testing,school,To enable TestNav 8 to deliver various adaptive and diagnostic assessments for the PARCC diagnostic contract.,https://neoconnect.pearson.com/groups/the-ark,may.chien@pearson.com,,Research to Practice,northAmerica,,TRUE,Will deliver various adaptive and diagnostic assessments for the PARCC diagnostic contract.,Computer Adaptive Testing Research and Development,B,16DDAAL,DD
John Behrens,Data Visualization,professional school higherEd,"Allow internal groups to better manage content (for example, items, activities, media objects) through visualization.",http://www.cddaal.us/overview/,john.behrens@pearson.com,,Research to Practice,northAmerica core growthVenture,,TRUE,Developed new interactive visualization techniques for managing item banks and CAT parameter and constraint trade-offs.,Data Visualization for Content Management,M,17DDAAL,DD
Tom McTavish,Error Analysis,professional school higherEd,Use digital data captured from online homework to identify error patterns.,,tom.mctavish@pearson.com,,Research to Practice,northAmerica core growthVenture,,TRUE,"In large data sets, error types can be inferred from user responses. This will assist in developing online homework products.",Error Feature Extraction,E,18DDAAL,DD
John Behrens,Template Difficulty Analysis,professional school higherEd,Automatic generation of items may lead to items with differing characteristics.,,john.behrens@pearson.com,University of Notre Dame,Research,northAmerica core growthVenture,,TRUE,Used statistical measurement models and visualizations to uncover instances where particular values generated in item templates led to significant differences in difficulty for the items. These procedures can and should be applied to template-based items whenever they are employed.,Template Difficulty Analysis,E,19DDAAL,DD
Tom McTavish,Visualization for Analytics,professional school higherEd,Develop visualizations that help internal teams better understand learning outcomes.,http://www.cddaal.us/overview/,tom.mctavish@pearson.com,,Research to Practice,northAmerica core growthVenture,,TRUE,"<ol><li>Developed methods for visualizing curriculum pathways, assisting in development of instructional products.</li><li>Developed prototypes of visualizations for use and interaction and learning and performance.</li></ol>",Data Visualization for Learning Analytics,E,20DDAAL,DD
Kristen DiCerbo,Data Decision-Making,professional school higherEd,Understand how the ways data is displayed impacts decisions teachers make.,,kristen.dicerbo@pearson.com,,Research,northAmerica core growthVenture,,TRUE,"The Center learned that teachers change their decisions from the same data as a function of display type, which will assist Pearson in developing product reporting features.",Impact of Data Visualization on Decisions,E,21DDAAL,DD
John Behrens,Reporting Visualization,professional school higherEd,Develop broad view of necessary considerations in results communication and prototype interfaces.,,john.behrens@pearson.com,,Research to Practice,northAmerica core growthVenture,,TRUE,"<ol><li>Created working prototype of visual and interactive interfaces based on data structures from curriculum-embedded learning support system using principles Human Computer Interaction (HCI) field research with customers.</li><li>Developed Framework for Assessments Results Communication that integrates previously disparate approaches of measurement/psychometrics, HCI, and data visualization.</li><li>Raised Pearson's profile in visualization by holding Institute of Play webinar about data visualization, presentating at SCASS meetings, and presenting at two symposia and a paper for NCME 2014.</li></ol>",Visualization for Reporting,M,22DDAAL,DD
"Kristen DiCerbo, John Behrens",Digital Ocean,professional school higherEd,Provide vision for how the use of digital data will transform learning and assessment.,,"kristen.dicerbo@pearson.com, john.behrens@pearson.com",,Research to Practice,northAmerica core growthVenture,,TRUE,"Release of white paper received 1.7 million media impressions and paper website has received over 1,100 hits. Internal interest in the paper is high, as evidenced by Pearson Canada's proposals to create discussion groups and events around it.",Impact of the Digital Ocean on Education,E,23DDAAL,DD
Brad Ermeling,Teacher/Expert Partnerships,school higherEd,"Explore the potential of collaborative partnerships with outside content experts (scientist, engineers, and industry professionals) as a means for infusing new resources and perspectives that might help teacher teams move beyond persistent images of traditional practice.",http://nctaf.org/learning-studios/,brad.ermeling@pearson.com,National Commission on Teaching and Americas Future (NCTAF),"Research, Thought Leadership",northAmerica core growthVenture,,TRUE,,Evaluating Teacher Partnerships with Outside Experts,M,1EE,EE
Kathy McKnight,Contin. of Teaching Practices,school higherEd professional,"<ol><li>Publish a report that identifies policies & initiatives, internationally, focused on developing career paths/continuums of practice  models for teachers, attracting high-quality candidates to the profession, and retaining effective teachers long-term.</li><li>Perform a case study on 3-5 promising continuum models and generate a report that documents useful practices for implementing and sustaining a career path for effective teachers. </li><li>Develop a continuum model in collaboration with NNSTOY and Public Impact.</li></ol>",http://researchnetwork.pearson.com/educator-effectiveness/resources/career-pathways,kathy.mcknight@pearson.com,"National Network of State Teachers of the Year (NNSTOY), Public Impact, National Institute for Excellence in Teaching (NIET), National Education Association (NEA)",Thought Leadership & Research to Practice,northAmerica core,,TRUE,"<p>The Center and NNSTOY jointly released the full report and executive summary at the Fordham Institute in Washington DC on December 12, 2013, to about 100 attendees. The event was also live-streamed and has a recorded video with more than 400 YouTube views. It was well-received and well-covered in traditional and social media. Numerous blogs and tweets went out prior to, during, and after the event as well. As a result, the report raised Pearson's profile with teachers and advocacy organizations as a supporter of teacher career pathways.</p> <p>For the second phase of the research, the Center will develop a framework for sustainable continuum models in conjunction with NNSTOY and Public Impact to share with schools, districts, and states. Data has been collected from three of five sites that are utilizing effective continuum models (TAP System in Knox County, TN; Aspire Charter Schools in Modesto, CA; DC LIFT in DC Public Schools). Data will be collected from Scottsdale, AZ and in New York City for the final two models. Public Impact is contributing up to three case studies to the report as well.</p>",Continuums of Teachers Professional Practice,M,12EE,EE
Kathy McKnight,Card Sort Evaluation,school higherEd professional,This is moving toward focusing on monitoring reflective practice in teacher teams & for individual teachers.,http://researchnetwork.pearson.com/educator-effectiveness/resources/career-pathways,kathy.mcknight@pearson.com,National Network of State Teachers of the Year (NNSTOY),Research to Practice,northAmerica,,FALSE,"Psychometric properties such as Interrater reliability and internal consistency, as well as validity (as measured by the correlation with NBPTS scores) have been tested; software that allows a demo & initial use of the card sort method on a tablet (Android) has been completed for the Trilemma approach. Correlations between card sort scores and MET study teacher effectiveness data have been tested, but we have concerns about data quality (i.e. unsure if the MET videos we rated are correctly aligned with effectiveness data). That study was halted until U of MI aligns the videos with the data correctly, and uploads the videos we need.",Card Sort Evaluation,M,13EE,EE
Kathy McKnight,Flipped Learning,school,"Collaborate with researchers and experts in Flipped Learning to review the literature and publish the most comprehensive report, to date, on this innovative pedagogical approach that is becoming increasingly popular with educators and the media.",http://researchnetwork.pearson.com/educator-effectiveness/resources/flipped-learning-resources,kathy.mcknight@pearson.com,"Flipped Learning Network, George Mason University",Research,northAmerica,"Kenneth Tam, Personalized Learning Solutions",TRUE,"Jointly with the Flipped Learning Network and George Mason University, the Center developed the first comprehensive literature review of Flipped Learning, ""A Review of Flipped Learning"", and shared it with the education community. The report garnered 1.3 million media impressions and was received positively by the education community, raising Pearson's profile as a thought leader and partner, not just a vendor, for new modes of  learning. The Center and the Flipped Learning Network will continue to update the document by adding an annotated bibliography.",Flipped Learning,E,14EE,EE
Brad Ermeling,Virtual Coaching,school,Conduct a proof-of-concept study to evaluate potential of virtual implementation support services for collaborative instructional improvement model.,http://www.brainshark.com/pearsonschool/vu?pi=zHUzdTmaqz91q5z0,brad.ermeling@pearson.com,"Kent School District, WA",Research to Practice,northAmerica core,Learning Teams Directors and Advisors at School Achievement Services,TRUE,"<ol><li>Results from rubric-based ratings of leadership team settings showed levels of implementation fidelity at all five schools that were comparable to the standard face-to-face coaching model.</li><li>The virtual format not only served as comparable substitute for face-to-face coaching, but it also served as a catalyst to accelerate principal growth and leadership capacity during leadership team meetings.</li><li>New Virtual Model is actively being sold and implemented as part of Pearson Learning Teams with schools in California, Washington, and Hawaii.</li><li>Findings were reported at 2013 Learning Forward and 2014 AERA Conferences, and a manuscript is currently under review with Teachers College Record.</li></ol>",Virtual Coaching for Instructional Leaders,E,15EE,EE
"Kathy McKnight, Dan Murphy",Tchr Prof to Supp Effect.,school,"Conduct ""proof-of-concept"" study to evaluate potential for creating teacher profiles from single composite measure scores of teacher effectiveness (created from multiple indicators). The purpose of the profiles is to provide useable, meaningful feedback to teachers by which they can improve practice. ",,"kathy.mcknight@pearson.com, dan.murphy@pearson.com",National Network of State Teachers of the Year (NNSTOY),Research to Practice,northAmerica core,"User Experience, Psych Assessment",TRUE,"Using data from the Gates Foundation-funded MET study, the Center generated 12 Teacher Profiles. Initial results suggest that finding a way to summarize the data from multiple indicators into a narrative that is useful in summarizing a variety of features of teacher effectiveness, can be a useful approach. These profiles will be tested in a large southeastern urban school district in 2014 to better understand how to create valid profiles that produce meaningful information to teachers for improving practice.",Making Teacher Profiles from Composite Variables,M,16EE,EE
"Kathy McKnight, Brad Ermeling, Dan Murphy",Measuring Reflective Practice,school,"<ol><li>Develop a measure of teacher reflective practice for digital devices to be used in teacher team and individual teacher settings to monitor reflective practice and ultimately, improve it. </li><li>By measuring and monitoring reflective practice, in combination with appropriate training in what it is and how it leads to improved professional practice, teacher teams and individual teachers can improve their ability to be reflective about their work. </li></ol>",,"kathy.mcknight@pearson.com, brad.ermeling@pearson.com, dan.murphy@pearson.com","Barbara Larrivee, California State University San Bernardino",Research to Practice,northAmerica core,"User Experience, Psych Assessment",TRUE,,Measuring Teacher Reflective Practice,B,30EE,EE
"Kathy McKnight, Antonio Moretti",Global Survey of Teacher Effectiveness,school,"<ol><li>Measure the qualities of an effective teacher as perceived by six distinct stakeholder groups, across different countries. The groups include: 1) students; 2) parents; 3) teachers; administrators; 5) education researchers; and 6) education policy-makers.</li><li>Allow different stakeholder groups, who are often under- or not represented when it comes to identifying qualities of effective teachers for teacher evaluation systems. Often, it is policy makers who determine what is measured for these evaluation systems, and research on teacher evaluation around the world indicates that teachers are finding the evaluations to be perfunctory and often meaningless.</li></ol>",https://drive.google.com/a/pearson.com/file/d/0B2UB6L3W2afKbnk0blNZTC15enM/edit?usp=sharing,"kathy.mcknight@pearson.com, antonio.moretti@pearson.com",George Mason University,Research,northAmerica,,TRUE,"The researchers hypothesize that the various stakeholder groups will value different qualities, and those values will differ across the content and grade levels taught, as well as across countries. By surveying the different stakeholder groups and analyzing their responses, the results will inform discussions and decisions about teacher evaluation systems being implemented around the world",Global Survey of Teacher Effectiveness,B,41EE,EE
Kathy McKnight,PATL,school,"<ol><li>Address the challenges of the 21st century global classroom and impact the learner by improving our capability to develop data-driven, research-based, integrated systems for student learning and our understanding of teaching and learning across digital and face-to-face classroom contexts and across different countries and cultures.  </li><li>Create a coordinated game, online performance tasks for students as well as teachers, classroom activities, instructional resources, professional development and reporting process we call a Student Profile. </li><li>Coordinate around a common mathematics learning progression at an elementary grade and developed over four iterations.</li></ol>",,kathy.mcknight@pearson.com,"Gwinnett County Public Schools, Atlanta Public Schools, GlassLab","Research, Research to Practice",northAmerica core growthVenture,"Doug McCollum, Learning Services, Diana Bourisaw, Inside Services and Directly Delivery, Jacob Pienaar, Learning Services, Susan Sclafani, Common Core System of Courses",TRUE,"The Center's focus is specifically on developing a measure of teacher professional judgment as a way to monitor progress on teachers' use of learning progressions and aligned assessments, for making instructional decisions. The purpose for focusing on professional judgment, is that it sits within the ""technical core"" of teaching, and therefore allows schools to evaluate teacher practice in an area that is critical to improving teaching and learning. Conversely, commonly used evaluation tools such as general classroom practice observations provide information that research indicates teachers find meaningless (e.g., see Evaluation 2.0 report by TNTP).",PATL LAboratory (Educator Learning & Effectiveness),B,43ELE,EE
Hua Wei,Text Cmplx & Careers,school higherEd,Systematically evaluate text complexity levels across a wide range of careers and to investigate the relationship between the amount of preparation necessary for the career and the complexity of career texts.,,hua.wei@pearson.com,,Research & Research to Practice,northAmerica,,TRUE,Submitted manuscript for peer-review publication.,Text Complexity & Careers (NextGen Learning & Assessment),E,NGLA_AS,NG
Paul Nichols,PATL,school,"<ol><li>Address the challenges of the 21st century global classroom and impact the learner by improving our capability to develop data-driven, research-based, integrated systems for student learning and our understanding of teaching and learning across digital and face-to-face classroom contexts and across different countries and cultures.  </li><li>Create a coordinated game, online performance tasks for students as well as teachers, classroom activities, instructional resources, professional development and reporting process we call a Student Profile. </li><li>Coordinate around a common mathematics learning progression at an elementary grade and developed over four iterations.</li></ol>",,paul.nichols@pearson.com,"Gwinnett County Public Schools, Atlanta Public Schools, GlassLab","Research, Research to Practice",northAmerica core growthVenture,"Doug McCollum, Learning Services, Diana Bourisaw, Inside Services and Directly Delivery, Jacob Pienaar, Learning Services, Susan Sclafani, Common Core System of Courses",TRUE,,PATL Laboratory (NextGen Learning & Assessment),B,2NGLA,NG
"Edynn Sato, Kimberly O'Malley",Global Competence,professional school higherEd,Create literature review and discussion of definition/operational definition and measures of global competence.,,"edynn.sato@pearson.com, kimberly.omalley@pearson.com","Sarah Howie, South Africa, Alicia Cabezudo, Argentina, Bruno Losito, Italy, Peter Franklin, Germany, David Kerr, UK, Veronica Boix Mansilla, US, Tom Franklin, UK, Jim Schriebner, US, Kerry Kennedy, Hong Kong","Research, Thought Leadership",northAmerica core growthVenture,"Chris Rozunick, Content Development, Catherine Hayes, Global English, Linda Zimmerman, Assessment & Instruction, Roger Frantz, Assessment & Instruction, John DeJong, Pearson English, David Leach, Schools IBU, Peter Jackson, International Assessment, Chris Noon, Pearson International, Jim Tognolini, Research and Assessment, Michael Young, Assessment & Instruction, Jon Twing, Pearson Assessment Center ",TRUE,"The learning experiences of diverse learners worldwide are enhanced through the expanded notions of literacy and accessibility that are supported by research and the development of related principles, practices, and tools.",Toward an Understanding and Operationalization of Global Competence,M,3NGLA_DL,NG
Edynn Sato,Access & Accommodation,professional school higherEd,Review and analyze literature to address the following: <ol><li>What are the effects of online accessibility and accommodations on the test performance of students with disabilities? </li><li>What are the effects of online accessibility and accommodations on the test performance of English language learners? and </li><li>What evidence is there to support the use of specific types of online test accessibility strategies and accommodations to best facilitate valid score interpretations for specific subgroups of our diverse learners?</li></ol>,,edynn.sato@pearson.com,,"Research, Research to Practice",northAmerica core growthVenture,,FALSE,Develop literature.,"Accessibility and Accommodations in Online Instruction and Assessment, Simulations, and Gaming Environments: Research and Implications",B,4NGLA_DL,NG
"Daeryong Seo, Husein Taherbhai",ELP Growth Percentile Scores,school,Track English language learner's English language proficiency progress over the years.,,"daeryong.seo@pearson.com, husein.taherbhai@pearson.com",,Research,northAmerica core growthVenture,,TRUE,Have the new capability to track English learner's English language proficiency progress over the years.,ELP Growth Percentile Scores,M,5NGLA_DL,NG
"Daeryong Seo, Husein Taherbhai",ELL Motivation and Achievement,school,Understand English language learner's motivational aspects realted to achievement.,,"daeryong.seo@pearson.com, husein.taherbhai@pearson.com",,Research,northAmerica core growthVenture,,TRUE,Research has raised Pearson's research profile in California by winning the Outstanding Paper award for the 2013 California Educational Research Association (CERA) Conference.,ELL Motivation and Achievement,M,6NGLA_DL,NG
Hua Wei,Text Cmplx & Careers,professional school higherEd,Answer the questions: <ol><li>Do career texts require at least college- and career-ready level of reading proficiency?</li><li>Does the complexity level of career texts vary with the level of education and preparation needed for the career?</li></ol>,http://researchnetwork.pearson.com/wp-content/uploads/RiA_TestComplexity_pk_v21.pdf,hua.wei@pearson.com,,Research & Research to Practice,northAmerica,,TRUE,"<ol><li>Reading materials for all jobs were at least at the college- and career-ready level of the Common Core State Standards (CCSS), including careers that required no more than a high school education (e.g., waiter, taxi driver).</li><li>The complexity of texts generally increased as the education requirements of the job increased. However, there were some texts requiring very little education that were as complex as texts designed for workers with a graduate degree.</li></ol>",Text Complexity & Careers (NextGen Learning & Assessment),E,7NGLA_AS,NG
Peter Foltz,Automated Math Scoring,school,"Conduct research on a math reasoning engine, equation editor representations, and a math scoring system to be able to score open ended K-Algebra 2 numerical problems.",,peter.foltz@pearson.com,,Research to Practice,northAmerica,"Knowledge Technologies, TestNav, National Services",TRUE,"<ol><li>By performing research on math reasoning engine and scoring rules, found a usable equation editor for existing product, TestNav.</li><li>Created 521 PARCC field test items using this scoring method.</li></ol>",Automated Math Scoring,E,19NGLA_AS,NG
Edward Wolfe,Human Scoring,school higherEd,"<ol><li>Provide intellectual leadership world-wide in the area of modeling rater effects and understanding their connection to rating context, response content, and rater characteristics.</li><li>Forge world-wide partnerships with experts who work in the area of ratings and rater effects.</li><li>Provide actionable research results to guide Pearson efforts to continually improve the quality of human scores.</li></ol>",https://neo.pearson.com/groups/human-scoring-research,edward.wolfe@pearson.com,,Research,northAmerica core growthVenture,"Performance Scoring Center, Knowledge Technologies",FALSE,"By performing research on math reasoning engine and scoring rules, found a usable equation editor for existing product, TestNav. Created 521 PARCC field test items using this scoring method.",Human Scoring,M,19NGLA_HS,NG
"Steve Ferrara, Emily Lai",Perf Based Task Protypes,school,Create proof of concept of potential classroom-based formative assessments and feedback models.,https://testnav.com/tnqc/epatLogin.jsp?testnavTestId=GWNTCOG7&testnavFor,"steve.ferrara@pearson.com, emily.lai@pearson.com",Gwinnett County Public Schools,Research to Practice,northAmerica,Content Support Services,TRUE,"<ol><li>Prototype performance tasks and scoring guides are available in the areas of social studies, mathematics and English/language arts, including speaking and listening.</li><li>The unique features of the prototypes and rubrics, such as assessing multiple content domains, serve as conversation starters for helping customers identify assessment activities.</li><li>These prototypes can be made available for demos, used for classroom formative assessment and feedback, and/or developed further for a more complete assessment program.</li></ol>",Performance Based Task Prototypes,M,26NGLA_PA,NG
Steve Ferrara,Auto Score: Spk & Lstn,school,Conduct proof of concept of potential speaking and listening models using automated scoring.,,steve.ferrara@pearson.com,,Research to Practice,northAmerica,Center for NextGen Learning & Assessment - Automated Scoring Team,TRUE,,Automated Scoring: Speaking and Listening Prototypes,M,27NGLA_PA,NG
Steve Ferrara,Item Difficulty Modeling,school,Identify indicators of items and tasks that predict difficulty levels.,,steve.ferrara@pearson.com,,Research to Practice,northAmerica core growthVenture,Center for NextGen Learning & Assessment - Automated Scoring Team,TRUE,"<ol><li>To support the claims and inferences made about student achievement from an assessment, additional evidence of the cognitive demands of test items can now be provided.</li><li>Provides a systematic and reliable method for determining the cognitive complexity and test demands of test items and performance tasks.</li><li>Instead of relying on a broader, more holistic judgment, the coding system requires the evaluation of domain-specific sources of cognitive complexity, such as text complexity for reading and response demands.</li><li>May be used in educator professional development, training item and task writers, and for efficacy evidence to support decisions made during test development.</li></ol>",Item Difficulty Modeling,B,29NGLA_PA,NG
"Steve Ferrara, Paul Nichols",Srcs of Cog. Cmplxty in ELA & Mth,school,,,"steve.ferrara@pearson.com, paul.nichols@pearson.com",Partnership for Assessment of Readiness for College and Career (PARCC),Research to Practice; Thought Leadership,northAmerica,,TRUE,Measures are in place and coding has been completed.  Code validation is in progress.,Sources of Cognitive Complexity in ELA and Mathematics,E,32NGLA_PA,NG
Paul Nichols,Principled Q's Rsrch Stdy,professional school higherEd,Empirically validate that research-based design and development impacts item development quality.,,paul.nichols@pearson.com,GED,Research,northAmerica core growthVenture,Content Support Services,FALSE,Held two item writer workshops and an expert review.,Principled Questions Research Study,E,33NGLA_PA,NG
Paul Nichols,Beneficial Teacher Rpts,professional school higherEd,Identify report information that contributes to the meaningful and beneficial use of reports for teachers.,,paul.nichols@pearson.com,,Research,northAmerica core growthVenture,,FALSE,Conducted teacher interviews and analyzed data.,Beneficial Teacher Report Information Theory,B,34NGLA_PA,NG
Emily Lai,Perf. Assmnt Framework,professional school higherEd,<ol><li>Define performance assessment.</li><li> Identify and describe a continuum of approaches to performance assessment.</li><li>Explore design variations and scoring considerations for each approach.</li><li>Provide state-of-the-art examples drawn from a range of assessment contexts.</li></ol>,http://researchnetwork.pearson.com/nextgen-learning-and-assessment/performance-assessment_assessing-what-students-can-do-not-just-what-they-know,emily.lai@pearson.com,,Thought Leadership,northAmerica core growthVenture,Pearson North America Marketing Programs,TRUE,"<ol><li>Used to guide customer conversations with stakeholders about performance assessment and highlight how to incorporate it into professional development and training.</li><li>Publically available on researchnetwork.pearson.com, this tool provides a Pearson thought leadership tool that clearly displays the expertise, focused on performance assessments, available to the assessment industry.</li></ol>",Performance Assessment Framework,E,35NGLA_PA,NG
Paul Nichols,Dynamic Sys. Modeling & Sims,professional school higherEd,Create a simulation of the Learning Diamond.,,paul.nichols@pearson.com,,Research,northAmerica core growthVenture,,FALSE,Completed book chapter.,Dynamic Systems Modeling and Simulations,M,36NGLA_PA,NG
"Steve Ferrara, Paul Nichols",Srcs of Cog. Cmplxty in ELA & Mth,school,Identify cognitive complexity measures in ELA and mathematics.,,"steve.ferrara@pearson.com, paul.nichols@pearson.com",PARCC,Research to Practice; Thought Leadership,northAmerica,,TRUE,"<ol><li>To support the claims and inferences made about student achievement from an assessment, additional evidence of the cognitive demands of test items can now be provided.</li><li>Provides a systematic and reliable method for determining the cognitive complexity and test demands of test items and performance tasks.</li><li>Instead of relying on a broader, more holistic judgment, the coding system requires the evaluation of domain-specific sources of cognitive complexity, such as text complexity for reading and response demands.</li><li>May be used in educator professional development, training item and task writers, and for efficacy evidence to support decisions made during test development.</li></ol>",Sources of Cognitive Complexity in ELA and Mathematics,E,37NGLA_PA,NG
Paul Nichols,Principled Design for Efficacy,professional school higherEd,"Create a design and development process as part of our principles, processes, and tools.",http://researchnetwork.pearson.com/wp-content/uploads/NGLA_Nichols_WhatisPDE_Formatted_1213.pdf,paul.nichols@pearson.com,,Research to Practice,northAmerica core growthVenture,,TRUE,"<ol><li>Educators and assessment designers are tasked with developing items that measure higher-order thinking skills while having to rely on conventional multiple-choice type development processes.</li><li>PDE provides a framework that guides the assessment design and development process and results in reusable templates and tools.</li><li>By incorporating research from the learning sciences to inform item difficulty features and requiring explicit documentation of decision rationales, PDE facilitates the collection of efficacy evidence as part of the process.</li><li>PDE may be used to support internal development projects, as part of item and task writer training, or educator professional development. For example, will be used in development of SELP.</li></ol>",Principled Design for Efficacy,M,38NGLA_PA,NG
Paul Nichols,Learning Diamond Development,professional school higherEd,Create a coneceptual framework for systems thinking around improving learning.,,paul.nichols@pearson.com,,Thought Leadership,northAmerica core growthVenture,,TRUE,"Facilitates overcoming obstacles in systems thinking, the kind of system-wide coherence that is essential to the success of teachers and students.",Learning Diamond Development,B,39NGLA_PA,NG
Roger Frantz,Academic Language,school,<ol><li>Increase general understanding of academic language both Pearson-internally and externally.</li><li>Contribute to the existing body of academic language research.</li><li>Drive academic language research implementation in assessment practice.</li></ol>,http://researchnetwork.pearson.com/wp-content/uploads/Defining_Academic_Language.pdf,roger.frantz@pearson.com,"Alison Bailey, UCLA (University of California, Los Angeles)",Research to Practice,northAmerica core growthVenture,,TRUE,"<ol><li>As a majority of states implement  instruction and assessment of Common Core State Standards (CCSS), which focus heavily on literacy and language skills, all students—not just English Learners (ELs)—will require academic language learning, and all teachers will be required to support students in this learning.</li><li>Research efforts to define academic aids in the development of appropriate language instruction and assessment for ELs, enabling these students to more effectively engage with academic content.</li></ol>",ELL Assessments and Reporting: Academic Language,M,40NGLA_PA,NG
Peter Foltz,ELL iPad,school,Evaluate new task types in innovative tablet–based ELL assessment,,peter.foltz@pearson.com,Compton Unified School District,Research to Practice,northAmerica core growthVenture,"Knowledge Technologies, Assessment & Instruction, Pearson International",TRUE,"<ol><li>Implemented and tested many items to measure a range of language constructs: comprehension,  vocabulary, structure, fluency, decoding, pronunciation, spelling.</li><li>45 item types built on an iPad.</li><li>Piloted item types on 780 kids (K–6th grade).</li></ol>",ELL iPad - Speaking & Listening,E,59NGLA_AS,NG
"Peter Foltz, Yigal Rosen",Thinking Tools,school,Research embeddable apps to enable students to represent what they know and are able to do for assessment of higher-level thinking.,,"peter.foltz@pearson.com, yigal.rosen@pearson.com",World ORT,Research to Practice,northAmerica core growthVenture,"Learning Assessment, Knowledge Technologies",TRUE,"Performed foundational research on the use of technology-based thinking tools in an assessment contexts. Tools integrated into 21st Century skills prototypes. Provided research evidence for Pearson units on: types of thinking tools can be used, for what assessment and instructional purposes, and under what educational conditions.",Thinking Tools: 21st Century Skills,M,60NGLA_AS,NG
Peter Foltz,Well-Being,school,"Research automated monitoring of patient state through computational analysis of: Language, location, motion, action",,peter.foltz@pearson.com,Akualab,Research to Practice,northAmerica,Clinical Assessment,TRUE,"<ol><li>Developed prototype system using off-the-shelf components and custom signal processing algorithms.</li><li>Developed wearable device to track person’s location in a residence.</li><li>Developed cloud-based system that collects, stores, and analyzes steaming data in real-time.</li><li>Developed web-based application that displays sensor data.</li></ol>",Well-Being,B,61NGLA_AS,NG
Peter Foltz,Spoken Research,school,Research new methods to improve automated scoring of spoken responses.,,peter.foltz@pearson.com,,Research to Practice,northAmerica core growthVenture,,TRUE,<ol><li>Researched and implemented automated accent scoring method.</li><li>Validated and used new approach for Indian speakers of English.</li><li>Applied new machine learning techniques to scoring using deep learning methods</li><li>Improved accuracy of analyzing native Chinese speech.</li><li>Developed off-topic detection technique.</li></ol>,Spoken Research,E,62NGLA_AS,NG
Peter Foltz,Automated Writing Scoring,school,Research new computational approaches to automatically assessing student writing to improve feedback for mainstream and ELL students.,,peter.foltz@pearson.com,"UCLA (University of California, Los Angeles)",Research to Practice,northAmerica core growthVenture,"Knowledge Technologies, Assessment & Instruction",TRUE,"<ol><li>Research improved grammar service to detect 84%  more errors with 10% increase in precision and no drop in false positives.</li><li>In study with 8,000 essays to assess/integrate grammar service, saw slight improvement and better alignment to grammar checker with PSC. Advanced Machine learning research improves scoring performance by 5-10%.</li><li>Supported other studies on human scoring and tablet-based writing.</li></ol>",Automated Writing Scoring,E,63NGLA_AS,NG
Peter Foltz,Text Complexity,school,"Research, develop and deploy a beta Reading Maturity Metric (RMM) system that can be used by Pearson and schools for analyzing complexity of texts using next generation language technology",,peter.foltz@pearson.com,"Dr. Elfrieda ""Freddy"" H. Hiebert is President and CEO of TextProject",Research to Practice,northAmerica core growthVenture,"Knowledge Technologies, Assessment & Instruction, Higher Education",TRUE,<ol><li>Researched and built Reading Maturity Metric (RMM) service and deployed onto a public website.</li><li>This tool can be used by Pearson and schools for analyzing complexity of texts using next generation language technology.</li></ol>,Text Complexity Research,M,64NGLA_AS,NG
Edward Wolfe,Causal Rater Model,profesional school higherEd,"<ol><li>Provide intellectual leadership world-wide in the area of modeling rater effects and understanding their connection to rating context, response content, and rater characteristics.</li><li>Forge world-wide partnerships with experts who work in the area of ratings and rater effects.</li><li>Provide actionable research results to guide Pearson efforts to continually improve the quality of human scores.</li></ol>",https://neo.pearson.com/groups/human-scoring-research,edward.wolfe@pearson.com,"Jo-Anne Baird, Oxford University",Research,northAmerica core growthVenture,,TRUE,"<ol><li>This collaboration with Oxford University has built a model of the interplay between features of the rating context, characteristics of raters, and elements of responses and rubrics and how these enablers may contribute to the existence of rater effects in assigned ratings. </li><li>By better understanding the relationship between these entities, Pearson scoring project managers will be in a better position to make informed decisions when hiring, training, monitoring, and providing feedback to human scorers.</li></ol>",Causal Rater Model,M,73NGLA,NG
Edward Wolfe,Psychometric Models of Rater Effects,profesional school higherEd,"<ol><li>Provide intellectual leadership world-wide in the area of modeling rater effects and understanding their connection to rating context, response content, and rater characteristics.</li><li>Forge world-wide partnerships with experts who work in the area of ratings and rater effects.</li><li>Provide actionable research results to guide Pearson efforts to continually improve the quality of human scores.</li></ol>","https://neo.pearson.com/groups/human-scoring-research, http://researchnetwork.pearson.com/wp-content/uploads/Song_RaterBackground_04_21_2014.pdf, http://researchnetwork.pearson.com/wp-content/uploads/Wolfe_PseudoScoring_04142014.pdf",edward.wolfe@pearson.com,"Hong Jiao, University of Maryland, Lisa Keller, University of Massachusetts, George Engelhard, University of Georgia, Lawrence DeCarlo, Columbia University",Research,northAmerica core growthVenture,,TRUE,"<ol><li>This research explores how rater effects can be detected using several psychometric models and associated statistical indicators. Currently, their work focuses on rater severity, centrality, accuracy, and halo effects, collaborating with several researchers to explore applications of new and existing models to the detection of these rater effects.</li><li>These models and techniques are valuable because they provide a means for automating the process of collecting data and providing individually-tailored diagnostic feedback to raters during operational scoring projects.</li></ol>",Psychometric Models of Rater Effects,M,74NGLA,NG
Edward Wolfe,Rater Characteristics/Rater Training/Rating Process,profesional school higherEd,"<ol><li>Provide intellectual leadership world-wide in the area of modeling rater effects and understanding their connection to rating context, response content, and rater characteristics.</li><li>Forge world-wide partnerships with experts who work in the area of ratings and rater effects. </li><li>Provide actionable research results to guide Pearson efforts to continually improve the quality of human scores.</li></ol>",https://neo.pearson.com/groups/human-scoring-research,edward.wolfe@pearson.com,"Robert Johnson, University of South Carolina, Jodi Casabianca, University of Texas",Research,northAmerica core growthVenture,"Performance Scoring Center, iLit",TRUE,"<ol><li>This collaborative research supports rater selection, rater training, and scoring process design. </li><li>The Center worked with the Performance Scoring Center to evaluate the usefulness of pseudo-scoring (practice scoring that takes place following rater training but prior to operational scoring) as a method for extending rater training.</li><li>The Center is working to identify rater background characteristics associated with rater success in operational scoring projects.</li><li>The Center will develop studies of teacher raters and of a rater placement test. <li>Understanding the interplay between these features of a scoring project and the existence of rater effects will provide specific and actionable advice for improving both the quality and the efficiency of operational scoring projects.</li></ol>",Rater Characteristics/Rater Training/Rating Process,M,75NGLA,NG
Edward Wolfe,Automated & Human Ratings,profesional school higherEd,"<ol><li>Provide intellectual leadership world-wide in the area of modeling rater effects and understanding their connection to rating context, response content, and rater characteristics.</li><li>Forge world-wide partnerships with experts who work in the area of ratings and rater effects.</li><li>Provide actionable research results to guide Pearson efforts to continually improve the quality of human scores.</li></ol>",https://neo.pearson.com/groups/human-scoring-research,edward.wolfe@pearson.com,"Leigh Williams, University of Memphis, George Engelhard, the University of Georgia, Mark Wilson, University of California Berkley",Research,northAmerica core growthVenture,Knowledge Technologyes,TRUE,"Researchers from the Center collaborated with researchers from Pearson Knowledge Technologies as well as researchers in academia to conduct research examining the interface of human and automated scoring. Several research projects are underway, including an analysis of the impact of how performance targets are defined on the depiction of the quality of automated scoring engine performance, an analysis of how the construction of training sets influences the quality of scores produced by automated scoring engines, and whether automated scores can be utilized to provide useful and efficient feedback to human raters.",Automated & Human Ratings,M,76NGLA,NG
Rob Kadel,Soc. User Exp & Stdnt Engagmnt,school higherEd,"<ol><li>Measure the effect of pedagogical professional development on student social media tool use.</li><li>Measure the relationships between social media tool use and student connections with other students, instructors and course content.</li></ol>",,rob.kadel@pearson.com,"Leyden High School District 212 (Franklin Park, IL)",Research,northAmerica,eCollege/LTG OpenClass ,FALSE,Developed a working prototype.,Social User Experience and Student Engagement,B,38OL,OL
Rob Kadel,School of Thought,professional school higherEd,<ol><li>Provide a vision of the future of learning.</li><li>Spur thinking and debate over how to better connect learners to material and to each other.</li></ol>,http://researchnetwork.pearson/sot,rob.kadel@pearson.com,,Thought Leadership,northAmerica core growthVenture,Pearson North America Marketing Programs,TRUE,"<ol><li>Videos illustrate how innovative connections among technology, content, instruction, and life beyond traditional schooling can change how we think of learning.</li><li>Three short video vignettes show just a few of the products, services, and ideas currently at work and in development at Pearson.</li><li>With over 25,000 views, these videos can help our customers and audiences develop a vision for education in the digital transformation and information age.</li><li>Finalist for 2014 Beacon Awards for excellence in education marketing.</li></ol>",School of Thought,E,39OL,OL
Liane Wardlow,Teaching in a Digital Age,school,"<ol><li>Identify, describe, and categorize specific instructional behaviors in digital classrooms.</li><li>Evaluate the relation between categories of teacher behaviors and student outcomes. </li><li>Answer three fundamental questions: a. How do student and teacher outcomes in digitally-rich classrooms compare with those in traditional classrooms? b. What teacher behaviors do digitally-rich classrooms enable that are not typically found in traditional classrooms? c. How do teacher behaviors specific to digitally-rich classrooms relate to student and teacher outcomes, accounting for the alignment of teaching to learning theory?</li></ol>",http://researchnetwork.pearson.com/online-learning/teaching-in-a-digital-age,liane.wardlow@pearson.com,"Digital Promise, ASU, University of San Diego, Gallup, NNSTOY, UMass, McAllen School District, Mooresville School District, Meridian School District, Onslow School District, York School District, Vancouver School District, Florida Virtual School, Greater Latrobe School District, Yarmouth School District, Clintondale Community Schools, Rigby High School, Chula Vista High Tech High",Research; Thought Leadership,northAmerica,"Pearson North America Marketing Programs, Center for Educator Learning & Effectiveness",TRUE,"Separating tools from toys, this research strives to provide evidence-based recommendations for educators to implement in their classrooms.There are three phases to this research:<ol><li>Phase 1. Pearson has discovered and is sharing our understanding of where teacher practice fits within current education technology paradigms.</li><li>Phase 2. Pearson is discovering and will share our understanding the digital instructional techniques that lead to the best learning and satisfaction outcomes.</li><li>Phase 3. Pearson will work with our research partners to promote examples of education technology use that progresses from mere enhancement to true transformation of learning.</li></ol>",Teaching in a Digital Age,M,40OL,OL
Laurie Davis,Dig Dvcs Itm Feat. Usab. Study,school,"<ol><li> Observe student interactions with tools, navigation, and question components on the tablets and identify specific areas where the interactions on tablets could present challenges.</li><li>  Understand the ergonomics of short-term tablet usage in order to identify any areas of concern around fatigue or strain.</li><li>  Observe the impact of differing screen sizes and device features across a limited range, using two different devices.</li></ol>","http://researchnetwork.pearson.com/wp-content/uploads/Testing-on-Tablets-PartI.pdf, http://researchnetwork.pearson.com/wp-content/uploads/Testing-on-Tablets-Part-II_formatted.pdf, http://researchnetwork.pearson.com/wp-content/uploads/Positioning.pdf",laurie.davis@pearson.com,"Virginia Department of Education, Maryland Department of Education, Florida Department of Education, Texas Education Agency",Research to Practice,northAmerica,"Digital Content Development, Online Technology Implementation, State Services",TRUE,The resulting papers were well-received at academic conferences. This research will support conversations with state and district clients about next-generation assessments. ,Digital Devices Item Features Usability Study,E,41OL,OL
Laurie Davis,Dig Dvcs Tablet Feat. Usab. Study,school,<ol><li>Observe student use of and preference for a stylus as a pointer device instead of or in addition to their finger for tablet interactions.</li><li>Observe the impact of screen orientation (portrait vs. landscape) on study ability to view and manipulate content as well as observe student inclination toward rotating the device to different orientations within the study sessions.</li><li>Determine the extent to which students would need or want to magnify content through use of pinch-and-zoom gestures as well as impact of zooming on interactions with content.</li><li>Evaluate the ease or difficulty with which students were able to navigate to the Test Review Screen from various points within the test and the usability of the information within the Test Review Screen for students.</li></ol>,"http://researchnetwork.pearson.com/tablets, http://researchnetwork.pearson.com/wp-content/uploads/NCSA_Davis_Strain-Seymour_CCSSO2013_table.pdf, http://researchnetwork.pearson.com/wp-content/uploads/QuestionTypes.pdf",laurie.davis@pearson.com,,Research to Practice,northAmerica,Software & Technology Services; Digital Content Development; Online Technology Implementation,TRUE,The resulting papers were well-received at academic conferences. This research will support conversations with state and district clients about next-generation assessments.,Digital Devices Tablet Features Usability Study,E,42OL,OL
Laurie Davis,Dig Dvcs Written Comp. Study,school,<ol><li>Evaluate and describe the differences in student written composition when generated on tablets versus laptop. </li><li>Determine to what degree peripherals (such as external keyboards and styluses) can overcome these differences.</li></ol>,,laurie.davis@pearson.com,"Virgnia Department of Education, South Dakota Department of Education",Research to Practice,northAmerica,"Knowledge Technologies, Performance Scoring Center, Digital Content Development, Online Technology Implementation",TRUE,This research will support conversations with state and district clients about next-generation assessments.,Digital Devices Written Composition Study,M,43OL,OL
Laurie Davis,Dig Dvcs Dvc Cmprblty Stdy,school,<ol><li>Quantitatively evaluate to what degree differences in student experience when taking tests using tablets and computers may translate into differences in performance (which impact student test scores). </li><li>Conduct a large-scale device comparability study to compare differences in student performance between tablet and computer devices.</li></ol>,,laurie.davis@pearson.com,Virginia Department of Education,Research to Practice,northAmerica,"Software & Technology Services, Digital Content Development, Online Technology Implementation",TRUE,This research will support conversations with state and district clients about next-generation assessments.,Digital Devices Device Comparability Study,B,44OL,OL
Rob Kadel,1:1 Learning Efficacy Proj.,school,"<ol><li>Conduct analyses of student performance at all grades, K-12, in mathematics, English/language arts, and science to determine the impact of the district's digital conversion.</li><li>Evaluate the implementation of the digital conversion in mathematics in grades K-12.</li></ol>",,rob.kadel@pearson.com,Huntsville City Schools,Research to Practice,northAmerica,"Assessment & Instruction, Program Measurement, 1:1 Sales/Implementation team",TRUE,<ol><li>Share the the results and effects of a completely digital experience on achievement levels to support conversations with state and district clients.</li><li>The results of this study will provide research based proof that Pearson values efficacy when implementing programs and participates in comprehensive Qualitative and Quantitative validations while using a third part researcher to help ensure lack of conflict of interest.</li><li>Huntsville City Schools will be empowered to continue successful practices and adjust practices that require modification based on the results of the study.</li></ol>,1:1 Learning Efficacy Project,M,45OL,OL
"Ellen Strain-Seymour, Jan McSorley",Systms: Dsgn-Blind Usrs,professional school higherEd,<ol><li>Create a fully functional prototype of a test delivery system designed exclusively for the blind prototype based on analysis of how blind users use the iPad and on full utilization of iOS accessibility features.</li><li>Create an entirely gesture-based interface with no need for understanding of spatial location on screen.</li><li>Prototype completed in 2012 with usability study with blind students in 2013.</li><li>Take a comparative approach: time on task and access/usability issues compared between prototype and an existing Pearson test delivery system (TestNav 8) on the iPad.</li><li>Research to practice transition expected with threat of NFB lawsuit regarding lack of access to the blind in spring 2014 tests.</li></ol>,,"ellen.strain-seymour@pearson.com, jan.mcsorley@pearson.com",,Research to Practice,northAmerica core growthVenture,Assessment & Instruction,TRUE,<ol><li>Provides more tools for Pearson to offer to customers that will make products accessible.</li><li>Increases accessibility for students.</li></ol>,Designing for Blind Users,E,46OL,OL
"Ellen Strain-Seymour, Jason Craft",Portable Cstm Inter,professional school higherEd,<ol><li>Developed several item types using this interoperability standard and presented at the Learning Impact conference</li><li>Allow brand new item types to be created by one division of Pearson and used within a different division as long as the systems are PCI compliant.</li><li>Research to practice transition expected to begin.</li><li>Next avenue of investigation asks if an item authoring system be designed to output PCIs.</li></ol>,,"ellen.strain-seymour@pearson.com, jason.craft@pearson.com",,Research to Practice,northAmerica core growthVenture,Assessment & Instruction,TRUE,Became first vendor to implement and analyze feasibility of the new IMS Global specification: Portable Custom Interaction specification.,Portable Custom Interactions,E,47OL,OL
"Ellen Strain-Seymour, Jan McSorley",Usr Personas 4 Stdnts w/ Disab.,school,<ol><li>Create user personas for English learners and students with disabilities.</li><li>Create a Personal Needs & Preferences data file for each user persona (this is a portion of Race to the Top requirements). This is like Individual Education Plan (IEP) for assessments.</li></ol>,,"ellen.strain-seymour@pearson.com, jan.mcsorley@pearson.com",,Research to Practice,northAmerica,Assessment & Instruction,TRUE,<ol><li>Create user personas for English learners and students with disabilities.</li><li>Create a Personal Needs & Preferences data file for each user persona (this is a portion of Race to the Top requirements). This is like Individual Education Plan (IEP) for assessments.</li></ol>,Next Generation Systems: User Personas for Students with Disabilities,E,48OL,OL
"Ellen Strain-Seymour, Jason Craft",Dynmc Item Gen for Math,professional school higherEd,"<ol><li>Use the QTI specification (the primary interoperability specification for assessment) to create templates that can then be used to dynamically generate multiple versions of an item, enhancing security and consistency of the assessment.</li></ol>",,"ellen.strain-seymour@pearson.com, jason.craft@pearson.com",,Research to Practice,northAmerica core growthVenture,Assessment & Instruction,TRUE,"<ol><li>Gain the following outcomes:<br/> <ul><li>dynamic item generation templates for math items</li><li>code for dynamic generation, machine scoring, creation of sequences of items, and item functionality</li><li>methodology for avoidance of invalid use of parameters</li><li>methodology for generating items that could be predicted to have similar difficulty levels (p-values) or to have a range of p-values</li></ul></li><li>Align with PARCC's RFP for dynamically generated math fluency items for use in diagnostic tests.</li></ol>",Next Generation Systems: Dynamic Item Generation for Math Fluency,E,49OL,OL
"Ellen Strain-Seymour, Armin Gutzmer",NextGen Science Sims,school,<ol><li>Use simulation in Digital Devices study in 2014</li><li>Perform cog lab in 2014 to understand measurement properties.</li><li>Subsequent phase in 2014 includes making simulation fully accessible to blind and motor-impaired learners.</li><li>Expected transition from research to practice.</li></ol>,,"ellen.strain-seymour@pearson.com, armin.gutzmer@pearson.com",,Research to Practice,northAmerica,Assessment & Instruction,TRUE,<ol><li>Overcome challenges of NextGen Science Standards (NGSS) assessment and possibility of use of simulations.</li><li>Design of simulation to measure NGSS processes and investigation skills and be tablet-ready.</li></ol>,Next Generation Science Sims,M,50OL,OL
"Ellen Strain-Seymour, Jan McSorley",Guide to APIP for States,school,<ol><li>Develop research basis for APIP features (test delivery accessibility tools) and degree of risk of construct violation.</li><li>Adapt customization strategy for wizard to include state/consortium policy.</li></ol>,,"ellen.strain-seymour@pearson.com, jan.mcsorley@pearson.com",,Research,northAmerica,Assessment & Instruction,FALSE,Begun collection of research basis.,Next Generation Systems: A Practical Guide to APIP for States,B,51OL,OL
"Ellen Strain-Seymour, Jan McSorley, Jason Craft",Systm: Speech-to-Text,professional school higherEd,<ol><li>Develop prototype of a speech-to-text solution that could be built into a test delivery system and which is designed to increase accessibility.</li><li>Research with prototype to understand possible benefit and to compare to assistive technology that includes speech recognition.</li></ol>,,"ellen.strain-seymour@pearson.com, jan.mcsorley@pearson.com, jason.craft@pearson.com",,Research to Practice,northAmerica core growthVenture,Assessment & Instruction,FALSE,<ol><li>Write research goals.</li><li>Perform initial research around technology for prototype.</li></ol>,Next Generation Systems: Speech-to-Text,B,52OL,OL